{
	"schemaVersion": 1,
	"id": "pistonproplus",
	"version": "${version}",
	"name": "PistonProPlus",
	"description": "This is an example description! Tell everyone what your mod is about!",
	"authors": [
		"Me!"
	],
	"contact": {
		"homepage": "https://fabricmc.net/",
		"sources": "https://github.com/FabricMC/fabric-example-mod"
	},
	"license": "CC0-1.0",
	"icon": "assets/pistonproplus/icon.png",
	"environment": "*",
	"entrypoints": {
		"main": [
			"com.juzizhen.pistonproplus.PistonProPlus"
		],
		"fabric-datagen": [
			"com.juzizhen.pistonproplus.PistonProPlusDataGenerator"
		]
	},
	"mixins": [
		"pistonproplus.mixins.json"
	],
	"depends": {
		"fabricloader": ">=0.18.4",
		"minecraft": "~1.20.1",
		"java": ">=17",
		"fabric-api": "*"
	}
}